ID,planet_ID,department_ID
10000004-0000-0000-0000-000000000001,10000003-0000-0000-0000-000000000006,d0000001-0000-0000-0000-000000000001
10000004-0000-0000-0000-000000000002,10000003-0000-0000-0000-000000000006,d0000001-0000-0000-0000-000000000002
10000004-0000-0000-0000-000000000003,10000003-0000-0000-0000-000000000006,d0000001-0000-0000-0000-000000000005
10000004-0000-0000-0000-000000000004,10000003-0000-0000-0000-000000000007,d0000001-0000-0000-0000-000000000001
10000004-0000-0000-0000-000000000005,10000003-0000-0000-0000-000000000007,d0000001-0000-0000-0000-000000000002
10000004-0000-0000-0000-000000000006,10000003-0000-0000-0000-000000000007,d0000001-0000-0000-0000-000000000005
10000004-0000-0000-0000-000000000007,10000003-0000-0000-0000-000000000008,d0000001-0000-0000-0000-000000000001
10000004-0000-0000-0000-000000000008,10000003-0000-0000-0000-000000000008,d0000001-0000-0000-0000-000000000002
10000004-0000-0000-0000-000000000009,10000003-0000-0000-0000-000000000008,d0000001-0000-0000-0000-000000000005
