ID,name,email,age,stardustCollection,wormholeNavigationSkill,originPlanet,destinationPlanet,spacesuitColor,department,position,owner
11111111-1111-1111-1111-111111111111,Astral Tuna,astraltuna@earth.test,32,120,85,Earth,Mars,Cosmic Blue,Exploration,Captain,bob
22222222-2222-2222-2222-222222222222,Vegan Alice,veganalice@mars.test,41,250,92,Mars,Europa,Crimson,Navigation,Pilot,zork
33333333-3333-3333-3333-333333333333,Jane Doe,janedoe@moon.test,28,80,65,Moon,Earth,Silver,Science,Scientist,jane
44444444-4444-4444-4444-444444444444,Taylor Moon,taylormoon@earth.test,50,500,99,Earth,Titan,Emerald,Exploration,Commander,zork
55555555-5555-5555-5555-555555555555,Luna Walker,lunawalker@moon.test,34,175,78,Moon,Mars,Midnight Blue,Navigation,Navigator,bob
66666666-6666-6666-6666-666666666666,Marcus Ray,marcusray@mars.test,45,320,88,Mars,Venus,Crimson,Science,Researcher,jane
77777777-7777-7777-7777-777777777777,Stella Nova,stellanova@earth.test,29,95,71,Earth,Europa,Pearl White,Exploration,Pilot,zork
88888888-8888-8888-8888-888888888888,Orion Blake,orionblake@moon.test,52,610,97,Moon,Ganymede,Silver,Command,Commander,bob
99999999-9999-9999-9999-999999999999,Maya Stone,mayastone@earth.test,37,210,82,Earth,Enceladus,Emerald,Science,Scientist,jane
aaaaaaaa-aaaa-aaaa-aaaa-aaaaaaaaaaaa,Leo Star,leostar@mars.test,26,60,55,Mars,Moon,Cosmic Blue,Navigation,Navigator,zork
bbbbbbbb-bbbb-bbbb-bbbb-bbbbbbbbbbbb,Nova Reed,novareed@earth.test,43,385,91,Earth,Titan,Crimson,Exploration,Captain,zork
cccccccc-cccc-cccc-cccc-cccccccccccc,Solaris Kim,solariskim@moon.test,31,145,76,Moon,Venus,Silver,Science,Researcher,jane
dddddddd-dddd-dddd-dddd-dddddddddddd,Atlas Green,atlasgreen@mars.test,48,430,94,Mars,Europa,Emerald,Command,Commander,zork
eeeeeeee-eeee-eeee-eeee-eeeeeeeeeeee,Echo Ray,echoray@earth.test,35,190,83,Earth,Ganymede,Cosmic Blue,Pilot,Pilot,bob
ffffffff-ffff-ffff-ffff-ffffffffffff,Ruby Chen,rubychen@moon.test,27,75,62,Moon,Mars,Crimson,Science,Scientist,jane
10101010-1010-1010-1010-101010101010,Celeste Quinn,celestequinn@mars.test,40,275,89,Mars,Enceladus,Pearl White,Navigation,Navigator,zork
12121212-1212-1212-1212-121212121212,Max Orion,maxorion@earth.test,53,720,100,Earth,Titan,Midnight Blue,Command,Captain,bob
13131313-1313-1313-1313-131313131313,Iris Vale,irisvale@moon.test,33,155,74,Moon,Europa,Silver,Exploration,Pilot,jane
14141414-1414-1414-1414-141414141414,Theo Mars,theomars@mars.test,38,290,86,Mars,Earth,Cosmic Blue,Navigation,Pilot,zork
15151515-1515-1515-1515-151515151515,Aria Wells,ariawells@earth.test,30,110,69,Earth,Moon,Emerald,Science,Researcher,bob
16161616-1616-1616-1616-161616161616,Victor Hale,victorhale@moon.test,47,450,93,Moon,Titan,Crimson,Command,Commander,jane
17171717-1717-1717-1717-171717171717,Skyler Fox,skylerfox@mars.test,25,45,51,Mars,Venus,Silver,Exploration,Navigator,zork
18181818-1818-1818-1818-181818181818,Amelia Frost,ameliafrost@earth.test,42,340,87,Earth,Enceladus,Pearl White,Science,Scientist,bob
19191919-1919-1919-1919-191919191919,Jonas Vale,jonasvale@moon.test,36,205,81,Moon,Ganymede,Midnight Blue,Navigation,Pilot,jane
20202020-2020-2020-2020-202020202020,Elena Star,elenastar@mars.test,44,315,90,Mars,Europa,Crimson,Exploration,Captain,zork
21212121-2121-2121-2121-212121212121,Cass Nova,cassnova@earth.test,29,130,73,Earth,Mars,Cosmic Blue,Science,Researcher,bob
23232323-2323-2323-2323-232323232323,Daniel Cross,danielcross@moon.test,51,580,96,Moon,Titan,Emerald,Command,Commander,jane
24242424-2424-2424-2424-242424242424,Freya Moon,freyamoon@mars.test,39,265,84,Mars,Enceladus,Silver,Navigation,Navigator,zork
25252525-2525-2525-2525-252525252525,Adam Wells,adamwells@earth.test,34,180,77,Earth,Venus,Crimson,Exploration,Pilot,bob
26262626-2626-2626-2626-262626262626,Naomi Ray,naomiray@moon.test,46,410,92,Moon,Europa,Pearl White,Science,Scientist,jane
27272727-2727-2727-2727-272727272727,Caleb Stone,calebstone@mars.test,28,90,64,Mars,Ganymede,Cosmic Blue,Navigation,Navigator,zork
28282828-2828-2828-2828-282828282828,Serena Vale,serenavale@earth.test,55,800,98,Earth,Titan,Midnight Blue,Command,Captain,bob
29292929-2929-2929-2929-292929292929,Oliver Reed,oliverreed@moon.test,32,220,79,Moon,Mars,Silver,Exploration,Pilot,jane
30303030-3030-3030-3030-303030303030,Clara Nova,claranova@mars.test,41,350,88,Mars,Earth,Emerald,Science,Researcher,zork
31313131-3131-3131-3131-313131313131,Henry Fox,henryfox@earth.test,27,70,58,Earth,Europa,Crimson,Navigation,Navigator,bob
32323232-3232-3232-3232-323232323232,Elise Moon,elisemoon@moon.test,49,490,95,Moon,Enceladus,Pearl White,Command,Commander,jane
33333334-3333-3333-3333-333333333333,Simon Gray,simongray@mars.test,35,205,80,Mars,Venus,Silver,Exploration,Pilot,zork
34343434-3434-3434-3434-343434343434,Ava Sterling,avasterling@earth.test,38,280,86,Earth,Ganymede,Cosmic Blue,Science,Scientist,bob
35353535-3535-3535-3535-353535353535,Lucas King,lucasking@moon.test,43,365,90,Moon,Titan,Crimson,Navigation,Captain,jane
36363636-3636-3636-3636-363636363636,Isla Dawn,isladawn@mars.test,31,140,72,Mars,Moon,Emerald,Exploration,Navigator,zork
37373737-3737-3737-3737-373737373737,Oscar Lane,oscarlane@earth.test,52,625,97,Earth,Enceladus,Midnight Blue,Command,Commander,bob
38383838-3838-3838-3838-383838383838,Nina Cole,ninacole@moon.test,26,55,49,Moon,Earth,Silver,Science,Researcher,jane
39393939-3939-3939-3939-393939393939,Ezra Wells,ezrawells@mars.test,45,390,91,Mars,Europa,Pearl White,Navigation,Pilot,zork
40404040-4040-4040-4040-404040404040,Grace Ray,graceray@earth.test,33,165,75,Earth,Mars,Crimson,Exploration,Pilot,bob
41414141-4141-4141-4141-414141414141,Arthur Nova,arthurnova@moon.test,50,530,94,Moon,Ganymede,Cosmic Blue,Command,Captain,jane
42424242-4242-4242-4242-424242424242,Sophie Vale,sophievale@mars.test,37,245,83,Mars,Titan,Emerald,Science,Scientist,zork
43434343-4343-4343-4343-434343434343,Julian Cross,juliancross@earth.test,29,105,67,Earth,Venus,Silver,Navigation,Navigator,bob
45454545-4545-4545-4545-454545454545,Lydia Frost,lydiafrost@moon.test,42,335,89,Moon,Europa,Crimson,Exploration,Commander,jane
46464646-4646-4646-4646-464646464646,Ethan Blake,ethanblake@mars.test,54,690,99,Mars,Enceladus,Midnight Blue,Command,Captain,zork
47474747-4747-4747-4747-474747474747,Chloe Reed,chloereed@earth.test,36,215,78,Earth,Moon,Pearl White,Science,Researcher,bob
48484848-4848-4848-4848-484848484848,Marcus Cole,marcuscole@moon.test,30,125,70,Moon,Venus,Cosmic Blue,Navigation,Pilot,jane
49494949-4949-4949-4949-494949494949,Stella Fox,stellafox@mars.test,48,455,93,Mars,Titan,Crimson,Exploration,Captain,zork
50505050-5050-5050-5050-505050505050,Leo Wells,leowells@earth.test,25,40,52,Earth,Mars,Emerald,Science,Scientist,bob
51515151-5151-5151-5151-515151515151,Mira Stone,mirastone@moon.test,39,285,85,Moon,Enceladus,Silver,Navigation,Navigator,jane
52525252-5252-5252-5252-525252525252,Noah Ray,noahray@mars.test,46,420,96,Mars,Ganymede,Pearl White,Command,Commander,zork
53535353-5353-5353-5353-535353535353,Emma Star,emmastar@earth.test,34,175,76,Earth,Europa,Cosmic Blue,Exploration,Pilot,bob
54545454-5454-5454-5454-545454545454,James Vale,jamesvale@moon.test,53,740,100,Moon,Titan,Midnight Blue,Command,Captain,jane
55555556-5555-5555-5555-555555555555,Olivia Moon,oliviamoon@mars.test,28,85,63,Mars,Venus,Crimson,Science,Researcher,zork
56565656-5656-5656-5656-565656565656,William Fox,williamfox@earth.test,40,300,87,Earth,Ganymede,Emerald,Navigation,Navigator,bob
57575757-5757-5757-5757-575757575757,Emily Dawn,emilydawn@moon.test,31,150,74,Moon,Mars,Silver,Exploration,Pilot,jane
58585858-5858-5858-5858-585858585858,Alexander Reed,alexanderreed@mars.test,49,510,95,Mars,Europa,Pearl White,Command,Commander,zork
59595959-5959-5959-5959-595959595959,Charlotte Ray,charlotteray@earth.test,44,365,90,Earth,Enceladus,Crimson,Science,Scientist,bob
60606060-6060-6060-6060-606060606060,Daniel Nova,danielnova@moon.test,27,65,57,Moon,Earth,Cosmic Blue,Navigation,Navigator,jane
61616161-6161-6161-6161-616161616161,Amelia Cole,ameliacole@mars.test,35,230,82,Mars,Titan,Emerald,Exploration,Pilot,zork
62626262-6262-6262-6262-626262626262,Matthew Stone,matthewstone@earth.test,51,590,97,Earth,Ganymede,Midnight Blue,Command,Captain,bob
63636363-6363-6363-6363-636363636363,Harper Wells,harperwells@moon.test,33,195,79,Moon,Venus,Silver,Science,Researcher,jane
64646464-6464-6464-6464-646464646464,Benjamin Ray,benjaminray@mars.test,42,340,88,Mars,Enceladus,Crimson,Navigation,Navigator,zork
65656565-6565-6565-6565-656565656565,Evelyn Fox,evelynfox@earth.test,29,100,68,Earth,Moon,Pearl White,Exploration,Pilot,bob
66666667-6666-6666-6666-666666666666,Samuel Blake,samuelblake@moon.test,47,475,93,Moon,Titan,Cosmic Blue,Command,Commander,jane
67676767-6767-6767-6767-676767676767,Scarlett Vale,scarlettvale@mars.test,38,260,84,Mars,Europa,Emerald,Science,Scientist,zork
68686868-6868-6868-6868-686868686868,David King,davidking@earth.test,55,775,99,Earth,Enceladus,Midnight Blue,Command,Captain,bob
69696969-6969-6969-6969-696969696969,Lily Moon,lilymoon@moon.test,36,180,77,Moon,Mars,Silver,Navigation,Pilot,jane
70707070-7070-7070-7070-707070707070,Joseph Lane,josephlane@mars.test,26,50,54,Mars,Venus,Crimson,Exploration,Navigator,zork
71717171-7171-7171-7171-717171717171,Ella Stone,ellastone@earth.test,43,325,86,Earth,Titan,Pearl White,Science,Researcher,bob
72727272-7272-7272-7272-727272727272,Christopher Ray,christopherray@moon.test,52,640,98,Moon,Ganymede,Cosmic Blue,Command,Commander,jane
73737373-7373-7373-7373-737373737373,Lucy Nova,lucynova@mars.test,32,135,73,Mars,Earth,Emerald,Navigation,Navigator,zork
74747474-7474-7474-7474-747474747474,Andrew Cole,andrewcole@earth.test,39,275,81,Earth,Europa,Silver,Exploration,Pilot,bob
75757575-7575-7575-7575-757575757575,Zoey Wells,zoeywells@moon.test,45,395,92,Moon,Enceladus,Crimson,Science,Scientist,jane
76767676-7676-7676-7676-767676767676,Thomas Fox,thomasfox@mars.test,50,540,96,Mars,Titan,Midnight Blue,Command,Captain,zork
78787878-7878-7878-7878-787878787878,Hannah Ray,hannahray@earth.test,27,90,61,Earth,Mars,Pearl White,Navigation,Navigator,bob
79797979-7979-7979-7979-797979797979,Michael Vale,michaelvale@moon.test,41,310,85,Moon,Venus,Cosmic Blue,Exploration,Pilot,jane
80808080-8080-8080-8080-808080808080,Abigail Star,abigailstar@mars.test,34,200,79,Mars,Ganymede,Emerald,Science,Researcher,zork
81818181-8181-8181-8181-818181818181,Joshua Reed,joshuareed@earth.test,48,465,94,Earth,Titan,Crimson,Command,Commander,bob
82828282-8282-8282-8282-828282828282,Victoria Moon,victoriamoon@moon.test,30,115,66,Moon,Earth,Silver,Navigation,Pilot,jane
83838383-8383-8383-8383-838383838383,Jacob Cross,jacobcross@mars.test,37,255,83,Mars,Enceladus,Pearl White,Exploration,Navigator,zork
84848484-8484-8484-8484-848484848484,Grace Nova,gracenova@earth.test,53,680,98,Earth,Ganymede,Midnight Blue,Command,Captain,bob
85858585-8585-8585-8585-858585858585,Logan Blake,loganblake@moon.test,44,350,89,Moon,Europa,Cosmic Blue,Science,Scientist,jane
86868686-8686-8686-8686-868686868686,Elizabeth Ray,elizabethray@mars.test,29,105,70,Mars,Moon,Crimson,Navigation,Navigator,zork
87878787-8787-8787-8787-878787878787,Alexander Wells,alexanderwells@earth.test,46,430,91,Earth,Venus,Emerald,Exploration,Pilot,bob
88888889-8888-8888-8888-888888888888,Sarah Fox,sarahfox@moon.test,35,185,75,Moon,Mars,Silver,Science,Researcher,jane
89898989-8989-8989-8989-898989898989,Henry Vale,henryvale@mars.test,52,605,97,Mars,Titan,Pearl White,Command,Commander,zork
90909090-9090-9090-9090-909090909090,Anna Cole,annacole@earth.test,31,145,72,Earth,Europa,Cosmic Blue,Navigation,Navigator,bob
91919191-9191-9191-9191-919191919191,Robert Stone,robertstone@moon.test,40,290,84,Moon,Enceladus,Crimson,Exploration,Pilot,jane
92929292-9292-9292-9292-929292929292,Julia Star,juliastar@mars.test,33,225,80,Mars,Ganymede,Emerald,Science,Scientist,zork
93939393-9393-9393-9393-939393939393,George Moon,georgemoon@earth.test,49,515,95,Earth,Titan,Midnight Blue,Command,Captain,bob
94949494-9494-9494-9494-949494949494,Madison Ray,madisonray@moon.test,26,70,56,Moon,Venus,Silver,Navigation,Navigator,jane
95959595-9595-9595-9595-959595959595,Edward Nova,edwardnova@mars.test,43,375,90,Mars,Europa,Pearl White,Exploration,Commander,zork
96969696-9696-9696-9696-969696969696,Victoria Wells,victoriawells@earth.test,38,240,82,Earth,Enceladus,Crimson,Science,Researcher,bob
97979797-9797-9797-9797-979797979797,Charles Fox,charlesfox@moon.test,54,705,99,Moon,Titan,Cosmic Blue,Command,Captain,jane
98989898-9898-9898-9898-989898989898,Penelope Vale,penelopevale@mars.test,30,155,74,Mars,Earth,Emerald,Navigation,Pilot,zork
a9a9a9a9-a9a9-a9a9-a9a9-a9a9a9a9a9a9,Richard Cole,richardcole@earth.test,42,330,87,Earth,Ganymede,Silver,Exploration,Navigator,bob
b0b0b0b0-b0b0-b0b0-b0b0-b0b0b0b0b0b0,Isabella Moon,isabellamoon@moon.test,36,215,78,Moon,Mars,Crimson,Science,Scientist,jane
c1c1c1c1-c1c1-c1c1-c1c1-c1c1c1c1c1c1,Anthony Ray,anthonyray@mars.test,47,485,94,Mars,Enceladus,Midnight Blue,Command,Commander,zork
d2d2d2d2-d2d2-d2d2-d2d2-d2d2d2d2d2d2,Emily Nova,emilynova@earth.test,28,85,63,Earth,Moon,Pearl White,Navigation,Navigator,bob
e3e3e3e3-e3e3-e3e3-e3e3-e3e3e3e3e3e3,Daniel Wells,danielwells@moon.test,51,555,96,Moon,Ganymede,Cosmic Blue,Exploration,Captain,jane
f4f4f4f4-f4f4-f4f4-f4f4-f4f4f4f4f4f4,Laura Stone,laurastone@mars.test,39,270,86,Mars,Venus,Emerald,Science,Researcher,zork
a5a5a5a5-a5a5-a5a5-a5a5-a5a5a5a5a5a5,Steven Fox,stevenfox@earth.test,45,400,92,Earth,Titan,Crimson,Command,Pilot,bob
b6b6b6b6-b6b6-b6b6-b6b6-b6b6b6b6b6b6,Nora Vale,noravale@moon.test,34,160,76,Moon,Europa,Silver,Navigation,Navigator,jane
c7c7c7c7-c7c7-c7c7-c7c7-c7c7c7c7c7c7,Peter Nova,peternova@mars.test,53,650,98,Mars,Ganymede,Midnight Blue,Command,Commander,zork
d8d8d8d8-d8d8-d8d8-d8d8-d8d8d8d8d8d8,Caroline Ray,carolineray@earth.test,32,195,81,Earth,Enceladus,Cosmic Blue,Exploration,Pilot,bob
e9e9e9e9-e9e9-e9e9-e9e9-e9e9e9e9e9e9,Thomas Moon,thomasmoon@moon.test,48,470,93,Moon,Titan,Crimson,Science,Scientist,jane